Title,Rating,Year,Popularity
A City Chronicles,4.2,2024,1.24
A City Divided,6.7,2022,10.29
A Eclipse Divided,7.1,2007,100.0
A Empire Chronicles,8.3,1996,100.0
A Hunter Eternal,5.4,1992,100.0
A Kingdom Awakened,8.3,2019,8.39
A Legacy Divided,8.9,2009,37.6
A Mountain Awakened,8.7,2007,100.0
A Ocean Divided,7.8,2020,18.19
A Phoenix Divided,8.3,2021,1.09
A Phoenix Legacy,4.6,2003,19.62
A Shadow Forever,5.8,2004,12.28
A Storm Chronicles,7.8,1993,11.33
A Storm Chronicles Part 1,6.9,2023,30.44
A Storm Found,7.0,2006,100.0
A Thunder,8.1,2014,1.11
A Universe Reborn,3.3,2020,2.36
A Valley Forever,4.5,2013,100.0
A Warrior Awakened,8.2,2002,48.27
A Warrior Returns,5.2,2011,17.05
An City Divided,5.8,2019,4.07
An Dawn Found,8.5,2014,100.0
An Dawn Lost,4.7,1999,7.08
An Dawn Returns,8.8,2017,11.48
An Destiny,9.8,2023,4.94
An Guardian Divided,8.9,2021,7.76
An Horizon Chronicles,7.1,1995,2.91
An Hunter Divided,6.0,2005,31.03
An Hunter Origins,5.0,2016,3.06
An Kingdom Forever,7.6,1987,1.49
An Midnight Rises,9.2,1996,3.79
An Paradise Lost,8.2,2023,10.26
An Phoenix Reborn,7.5,2017,33.86
An Shadow Legacy,4.0,2021,7.07
An Shadow Returns,8.2,2020,21.93
An Universe Eternal,9.0,2008,11.09
An Valley Reborn,9.4,2016,18.17
An Vengeance,7.5,2006,37.37
An Vengeance Awakened,8.7,2018,11.07
An Vengeance Returns,8.6,2007,14.88
An Vengeance Returns Part 1,8.5,2007,8.55
Beyond the Dawn Forever,7.0,2004,55.47
Beyond the Dawn Origins,5.1,2021,2.27
Beyond the Dragon Origins,7.9,2020,100.0
Beyond the Eclipse Divided,8.2,2002,52.24
Beyond the Eclipse Found,9.7,1995,2.71
Beyond the Empire Awakened,7.5,2018,32.89
Beyond the Guardian Eternal,6.4,2020,33.86
Beyond the Horizon Forever,7.1,2014,12.42
Beyond the Kingdom Forever,6.7,2006,20.34
Beyond the Ocean Chronicles,8.9,2019,1.13
Beyond the Redemption Returns,6.9,2010,100.0
Beyond the Storm,7.4,2022,12.05
Beyond the Thunder Forever,6.7,2007,24.75
Beyond the Thunder Origins,8.0,1995,11.34
Beyond the Universe Chronicles,4.3,2014,20.37
Beyond the Universe Found,9.4,2006,0.61
Beyond the Universe Reborn,9.6,2012,1.95
Chronicles of City Awakened,7.1,2004,75.61
Chronicles of City Rises,9.7,2016,79.05
Chronicles of Destiny Eternal,4.7,2016,21.82
Chronicles of Destiny Reborn,6.8,2023,13.21
Chronicles of Destiny Rises,9.9,2001,20.46
Chronicles of Eclipse Forever,7.3,2002,93.71
Chronicles of Empire Legacy,8.2,2006,49.22
Chronicles of Guardian Chronicles,9.1,2001,7.73
Chronicles of Horizon Awakened,5.0,2003,8.94
Chronicles of Horizon Origins,6.4,2010,10.35
Chronicles of Horizon Rises,8.9,2013,13.48
Chronicles of Kingdom United,9.0,1995,61.84
Chronicles of Legacy Found,7.6,2015,9.06
Chronicles of Legacy Origins,6.9,2014,33.52
Chronicles of Paradise Returns,6.9,2018,3.37
Chronicles of Phoenix Legacy,9.7,2018,8.13
Chronicles of Shadow Returns,9.5,2011,27.52
Chronicles of Shadow United,7.4,2024,10.66
Chronicles of Thunder Eternal,9.3,2015,11.92
Chronicles of Thunder Origins,7.7,2006,9.5
Chronicles of Valley Chronicles,9.3,2011,18.2
Chronicles of Warrior Found,7.3,2018,1.23
Chronicles of Warrior Reborn,4.7,2018,10.54
City 1,5.4,2024,8.26
City 2,7.7,2021,5.0
City 3,8.6,2016,20.42
City 3 Part 1,8.8,2023,63.18
City 4,7.8,2010,0.14
City 4 Part 1,6.4,2015,2.83
City 5,6.4,2002,11.63
City 5 Part 1,8.5,2001,0.9
City 5 Part 2,8.6,2003,100.0
City 5 Part 3,8.6,2009,72.45
City Code,5.4,2010,7.99
City Day,7.7,2018,42.06
City Effect,4.8,2001,11.28
City Effect Part 1,7.3,2011,1.48
City Game,8.9,2020,18.09
City Game Part 1,8.7,1995,4.0
City Night,5.7,2011,100.0
City Night Part 1,8.5,2014,9.81
City Theory,8.0,2011,4.23
Dark Destiny,7.6,2009,67.84
Dark Empire,5.5,2020,3.77
Dark Guardian,9.8,2023,2.66
Dark Guardian Part 1,6.8,2015,29.31
Dark Horizon,4.3,2008,34.96
Dark Horizon Part 1,6.8,1997,62.54
Dark Legacy,8.4,1994,0.69
Dark Legacy Part 1,6.1,2009,12.72
Dark Legacy Part 2,7.1,2020,67.97
Dark Midnight,7.3,2023,2.61
Dark Midnight Part 1,5.3,2017,3.49
Dark Midnight Part 2,5.1,2005,5.81
Dark Midnight Part 3,8.1,2015,100.0
Dark Mountain,6.6,2002,100.0
Dark Mountain Part 1,6.6,2018,13.49
Dark Ocean,6.6,1994,100.0
Dark Paradise,8.5,2005,30.42
Dark Paradise Part 1,6.2,1998,51.42
Dark Paradise Part 2,9.2,2010,34.14
Dark Phoenix,7.8,2009,4.06
Dark Phoenix Part 1,8.4,2007,61.37
Dark Phoenix Part 2,5.6,2008,31.35
Dark Phoenix Part 3,7.1,2016,11.25
Dark Phoenix Part 4,7.6,2018,12.37
Dark Redemption,6.2,2021,4.15
Dark Redemption Part 1,7.5,2004,1.75
Dark Shadow,6.3,2013,0.35
Dark Storm,9.1,2014,44.6
Dark Storm Part 1,4.6,2014,23.9
Dark Storm Part 2,9.4,2014,5.21
Dark Storm Part 3,8.3,2002,27.23
Dark Storm Part 4,4.6,2007,4.15
Dark Thunder,7.1,2020,100.0
Dark Thunder Part 1,8.9,2009,6.76
Dark Thunder Part 2,8.6,2017,12.76
Dark Thunder Part 3,9.8,1989,23.3
Dark Thunder Part 4,7.7,2014,4.16
Dark Universe,4.8,2016,1.84
Dark Valley,6.7,1989,100.0
Dark Valley Part 1,6.4,2003,7.8
Dark Valley Part 2,4.8,2012,5.89
Dark Valley Part 3,9.7,2020,4.4
Dark Vengeance,7.7,1999,6.15
Dark Vengeance Part 1,9.5,2021,18.78
Dark Vengeance Part 2,3.4,2012,81.3
Dark Vengeance Part 3,5.7,2015,9.2
Dark Warrior,6.9,2008,66.09
Dawn 1,6.1,2020,100.0
Dawn 2,9.0,2018,5.45
Dawn 3,6.4,2004,5.98
Dawn 4,6.7,2000,16.55
Dawn 5,9.0,2024,3.42
Dawn 5 Part 1,9.5,2008,4.9
Dawn 5 Part 2,8.8,2021,24.71
Dawn Code,8.1,2017,9.56
Dawn Code Part 1,6.6,2016,0.15
Dawn Day,9.1,2016,3.53
Dawn Day Part 1,9.1,2008,100.0
Dawn Effect,8.6,2003,11.69
Dawn Effect Part 1,3.7,2008,6.43
Dawn Game,8.2,1993,7.17
Dawn Game Part 1,6.2,2015,31.72
Dawn Game Part 2,7.4,2013,30.68
Dawn Night,9.1,1998,18.19
Dawn Protocol,9.7,2020,16.46
Dawn Protocol Part 1,8.5,2017,100.0
Dawn Signal,4.7,2009,23.16
Dawn Theory,4.1,1997,9.09
Dawn Theory Part 1,8.7,2005,22.82
Destiny 1,8.9,2016,3.71
Destiny 3,6.0,2018,100.0
Destiny 4,9.1,2017,0.2
Destiny 4 Part 1,4.3,2022,17.59
Destiny 4 Part 2,7.4,2001,49.68
Destiny 4 Part 3,8.3,2007,7.76
Destiny 4 Part 4,5.3,2010,6.57
Destiny 5,7.7,2004,100.0
Destiny 5 Part 1,8.5,2020,2.93
Destiny Code,8.5,2006,9.17
Destiny Game,5.2,2020,11.72
Destiny Protocol,7.7,2000,4.21
Destiny Signal,8.3,2022,4.05
Destiny Signal Part 1,5.4,2020,6.02
Destiny Theory,7.2,1999,42.88
Dragon 1,8.7,2019,7.1
Dragon 2,7.8,2018,100.0
Dragon 2 Part 1,8.3,2020,26.63
Dragon 2 Part 2,9.3,2020,100.0
Dragon 3,8.3,2007,61.56
Dragon 3 Part 1,8.3,2011,4.7
Dragon 3 Part 2,7.4,2019,14.24
Dragon 4,7.0,1996,7.4
Dragon Day,7.7,2020,0.94
Dragon Effect,4.4,2003,0.71
Dragon Effect Part 1,7.9,1995,27.44
Dragon Game,5.1,2003,2.94
Dragon Game Part 1,9.0,2019,1.46
Dragon Night,7.5,2023,24.57
Dragon Project,8.7,2010,78.06
Dragon Project Part 1,8.7,2007,8.69
Dragon Project Part 2,9.1,1993,4.3
Eclipse 1,8.7,2020,20.54
Eclipse 2,4.3,2003,42.2
Eclipse 3,7.6,2023,2.07
Eclipse 3 Part 1,7.4,2004,2.1
Eclipse 3 Part 2,9.6,2012,2.78
Eclipse 4,5.1,2020,19.02
Eclipse 5,5.4,1996,5.86
Eclipse 5 Part 1,5.8,2008,17.03
Eclipse 5 Part 2,6.3,2019,27.42
Eclipse Day,4.2,2020,12.9
Eclipse Day Part 1,6.2,2014,100.0
Eclipse Day Part 2,7.5,2009,50.89
Eclipse Game,5.1,2014,3.16
Eclipse Project,7.9,2004,2.53
Eclipse Project Part 1,4.8,2020,7.66
Eclipse Project Part 2,7.4,2012,2.73
Eclipse Protocol,5.7,2008,5.22
Eclipse Protocol Part 1,8.1,2023,60.18
Eclipse Signal,5.5,2022,100.0
Eclipse Signal Part 1,6.0,2009,100.0
Eclipse Theory,6.7,2006,23.45
Eclipse Theory Part 1,8.7,2010,1.67
Empire 1,8.0,1995,100.0
Empire 1 Part 1,7.7,2001,52.92
Empire 3,8.2,2019,95.17
Empire 3 Part 1,7.6,1988,19.78
Empire Code,9.0,2009,2.01
Empire Day,7.4,2006,6.16
Empire Day Part 1,8.9,2012,10.64
Empire Day Part 2,5.8,2005,7.54
Empire Effect,6.5,2009,76.47
Empire Game,8.6,2005,1.1
Empire Game Part 1,7.0,2021,0.26
Empire Night,8.4,2019,9.46
Empire Night Part 1,5.2,2021,25.79
Empire Protocol,7.7,2013,13.49
Empire Protocol Part 1,9.2,1990,4.9
Empire Protocol Part 2,7.8,1998,3.57
Empire Signal,6.7,2022,0.85
Empire Signal Part 1,7.9,2019,9.24
Fall of Destiny Legacy,6.0,2017,5.09
Fall of Guardian Chronicles,7.0,2018,100.0
Fall of Guardian Lost,6.7,2017,2.24
Fall of Hunter Divided,7.8,2008,26.69
Fall of Midnight Awakened,7.0,2008,55.3
Fall of Mountain Forever,6.1,2017,1.06
Fall of Mountain Origins,6.4,2010,23.72
Fall of Ocean United,8.6,2004,5.03
Fall of Paradise Lost,8.8,2024,12.67
Fall of Phoenix,9.0,2003,30.31
Fall of Phoenix Chronicles,6.1,2010,15.85
Fall of Phoenix Chronicles Part 1,6.7,2020,65.55
Fall of Phoenix Rises,7.0,2022,1.24
Fall of Shadow Forever,9.1,2020,34.54
Fall of Shadow Legacy,8.0,2006,11.82
Fall of Shadow Origins,9.7,1997,1.75
Fall of Shadow Reborn,5.2,2013,27.8
Fall of Storm Legacy,7.7,2012,13.67
Fall of Vengeance Awakened,7.0,2010,3.09
Final City,7.8,2015,7.37
Final City Part 1,5.8,1993,57.67
Final City Part 2,9.0,2008,9.57
Final Dawn,6.7,2023,17.96
Final Dawn Part 1,8.4,2017,5.41
Final Dawn Part 2,5.9,2014,2.15
Final Destiny,6.4,2021,44.17
Final Eclipse,8.2,2015,100.0
Final Eclipse Part 1,8.7,2020,1.28
Final Guardian,6.8,2013,4.39
Final Guardian Part 1,7.3,2021,15.5
Final Horizon,8.2,2009,19.97
Final Legacy,7.4,2024,4.78
Final Legacy Part 1,5.9,2007,16.68
Final Midnight,8.8,2024,1.1
Final Midnight Part 1,6.6,2008,7.55
Final Mountain,8.3,2019,40.07
Final Mountain Part 1,6.5,2022,22.95
Final Ocean,5.2,2000,100.0
Final Ocean Part 1,4.9,2012,21.45
Final Paradise,9.1,2007,10.41
Final Paradise Part 1,6.5,2000,0.64
Final Phoenix,6.3,2016,21.39
Final Phoenix Part 1,4.0,2024,2.45
Final Phoenix Part 2,7.7,2011,0.86
Final Redemption,5.0,2020,3.26
Final Redemption Part 1,7.9,2017,68.34
Final Shadow,6.5,2014,25.54
Final Storm,8.6,2016,27.12
Final Thunder,7.8,2010,100.0
Final Thunder Part 1,7.7,2005,100.0
Final Thunder Part 2,3.7,2009,9.58
Final Universe,5.6,1995,17.54
Final Universe Part 1,5.6,1991,5.71
Final Vengeance,7.2,1999,5.35
Final Vengeance Part 1,4.2,2007,24.75
Final Vengeance Part 2,9.7,2019,3.69
Final Vengeance Part 3,8.6,2015,22.05
Final Warrior,8.9,2019,0.79
Final Warrior Part 1,8.5,2009,8.89
Final Warrior Part 2,8.9,2021,100.0
Final Warrior Part 3,9.3,2023,24.8
Final Warrior Part 4,8.2,2016,100.0
First City,8.8,2020,25.31
First City Part 1,8.5,2007,14.21
First Dawn,6.7,2024,88.38
First Destiny,7.1,2007,2.38
First Dragon,8.5,2001,4.67
First Eclipse,7.6,1998,3.43
First Empire,9.4,1992,10.47
First Guardian,7.4,2004,4.12
First Guardian Part 1,7.6,2007,0.92
First Horizon,8.1,2006,12.82
First Kingdom,9.9,2023,7.5
First Kingdom Part 1,6.1,2020,0.75
First Midnight,7.3,1997,21.47
First Midnight Part 1,7.9,2016,1.14
First Mountain,9.8,2009,63.82
First Mountain Part 1,6.9,2023,100.0
First Ocean,7.1,1997,33.8
First Paradise,6.1,1991,6.39
First Paradise Part 1,8.2,2008,6.12
First Paradise Part 2,5.7,2004,2.61
First Paradise Part 3,6.7,2020,15.85
First Paradise Part 4,8.4,2014,9.96
First Paradise Part 5,5.2,2017,3.81
First Paradise Part 6,7.8,2024,2.17
First Phoenix,4.0,2013,55.21
First Phoenix Part 1,7.5,1999,7.1
First Storm,7.1,2019,41.74
First Storm Part 1,6.1,2000,5.32
First Thunder,6.4,2006,7.33
First Thunder Part 1,6.2,2014,8.8
First Universe,5.6,1995,39.27
First Universe Part 1,9.0,1999,4.68
First Valley,8.4,2008,55.64
First Valley Part 1,8.4,1996,2.06
First Vengeance,6.8,2022,27.5
First Vengeance Part 1,7.4,2005,1.69
First Vengeance Part 2,6.9,2019,0.48
First Vengeance Part 3,8.5,1993,7.36
First Vengeance Part 4,7.8,2001,32.68
First Vengeance Part 5,7.9,2008,2.89
First Warrior,8.8,2020,63.8
First Warrior Part 1,7.7,2003,26.02
Guardian 1,8.1,2015,0.64
Guardian 2,9.8,2023,80.8
Guardian 2 Part 1,8.1,1994,6.71
Guardian 4,9.1,2022,16.45
Guardian 4 Part 1,6.6,2015,100.0
Guardian 5,4.6,2004,60.68
Guardian Code,7.2,2012,10.75
Guardian Day,7.7,2017,7.73
Guardian Effect,8.6,1999,100.0
Guardian Effect Part 1,6.6,2004,6.09
Guardian Effect Part 2,6.1,1993,8.06
Guardian Game,7.0,2012,100.0
Guardian Night,7.2,2010,4.27
Guardian Protocol,6.8,2017,5.4
Guardian Protocol Part 1,3.8,2008,11.38
Guardian Signal,4.9,2020,0.67
Guardian Signal Part 1,3.3,2002,17.03
Guardian Theory,7.9,2017,12.75
Horizon 1,6.3,2020,100.0
Horizon 2,8.8,2020,0.37
Horizon 3,7.4,2023,8.82
Horizon 3 Part 1,6.4,2021,2.96
Horizon 4,7.7,2009,16.14
Horizon 4 Part 1,8.7,2007,5.02
Horizon 5,9.7,2006,3.35
Horizon 5 Part 1,9.2,2024,1.93
Horizon Day,7.8,2019,39.14
Horizon Day Part 1,5.7,2018,9.11
Horizon Day Part 2,8.3,2004,33.22
Horizon Effect,9.4,2014,36.07
Horizon Game,7.1,2016,8.92
Horizon Night,8.3,2015,50.0
Horizon Protocol,3.5,2023,39.23
Horizon Signal,9.1,2015,3.29
Horizon Signal Part 1,7.8,2016,1.89
Horizon Theory,8.1,1997,2.19
Horizon Theory Part 1,7.6,2003,11.1
Hunter 1,9.5,2011,48.09
Hunter 2,5.9,2024,28.26
Hunter 2 Part 1,9.4,2023,15.59
Hunter 2 Part 2,9.6,1995,5.75
Hunter 4,7.8,1988,2.1
Hunter 4 Part 1,8.3,2000,15.5
Hunter Game,7.8,2022,2.3
Hunter Project,8.5,2014,100.0
Hunter Protocol,5.7,2011,2.48
Hunter Protocol Part 1,6.9,2002,61.2
Hunter Signal,5.5,2019,31.32
Hunter Theory,8.7,1997,15.05
In the Dragon Origins,7.3,2014,5.94
In the Guardian Chronicles,5.8,1993,3.17
In the Guardian Found,8.8,2020,12.02
In the Horizon Awakened,7.4,2014,7.56
In the Horizon Legacy,8.0,2002,46.27
In the Horizon Rises,7.7,1995,0.29
In the Kingdom Found,8.0,2024,100.0
In the Kingdom Rises,8.9,2017,20.4
In the Legacy Reborn,9.6,2002,1.98
In the Mountain Forever,7.0,2015,100.0
In the Paradise,8.4,2018,22.63
In the Paradise Lost,8.3,2008,21.94
In the Phoenix Forever,5.8,1993,8.71
In the Redemption Origins,8.3,2014,10.38
In the Thunder Divided,6.2,2024,1.24
In the Universe Returns,8.4,1997,100.0
In the Valley Eternal,3.5,1996,10.54
In the Vengeance Reborn,7.6,2017,15.71
Journey to City,8.7,2024,12.15
Journey to Eclipse Divided,8.9,2000,87.89
Journey to Horizon,8.9,2019,3.21
Journey to Horizon Forever,7.0,2023,1.22
Journey to Hunter Lost,7.8,1995,100.0
Journey to Legacy,5.9,2010,5.62
Journey to Legacy Eternal,6.3,2023,4.58
Journey to Mountain,8.9,2004,24.71
Journey to Paradise Rises,8.5,2007,10.01
Journey to Redemption Forever,8.7,1999,5.97
Journey to Redemption Found,6.4,2013,5.86
Journey to Shadow,8.2,2008,100.0
Journey to Storm Awakened,7.4,2001,2.49
Journey to Storm Divided,5.6,2019,38.94
Journey to Storm Divided Part 1,3.7,2016,10.64
Journey to Storm Lost,8.4,2015,26.6
Journey to Thunder Lost,7.8,2019,16.54
Journey to Thunder Rises,8.1,2014,11.72
Kingdom 1,8.5,2004,3.86
Kingdom 2,9.8,2006,5.57
Kingdom 2 Part 1,5.8,1993,5.33
Kingdom 2 Part 2,7.0,2016,7.2
Kingdom 3,5.8,2020,14.83
Kingdom 3 Part 1,7.4,2018,51.99
Kingdom 4,7.5,1990,100.0
Kingdom 4 Part 1,8.5,2007,40.32
Kingdom Code,8.6,2021,100.0
Kingdom Code Part 1,8.8,2018,16.54
Kingdom Code Part 2,7.6,2007,8.48
Kingdom Code Part 3,7.8,2024,6.51
Kingdom Effect,7.9,2008,5.35
Kingdom Effect Part 1,8.4,1995,75.69
Kingdom Effect Part 2,7.8,2007,9.23
Kingdom Effect Part 3,7.1,2019,8.01
Kingdom Effect Part 4,6.8,2020,69.55
Kingdom Game,9.1,2023,72.35
Kingdom Project,9.2,2009,1.31
Kingdom Project Part 1,9.5,2024,100.0
Kingdom Protocol,8.1,2012,15.31
Kingdom Protocol Part 1,8.2,2020,4.6
Kingdom Signal,6.1,2008,4.04
Kingdom Signal Part 1,9.6,2011,36.56
Kingdom Theory,9.2,2003,9.74
Last City,8.3,2017,100.0
Last City Part 1,5.6,1989,55.81
Last Destiny,7.5,2022,100.0
Last Destiny Part 1,7.6,1996,5.34
Last Destiny Part 2,9.4,2021,15.14
Last Dragon,6.8,2019,6.01
Last Eclipse,6.8,2023,5.11
Last Eclipse Part 1,9.4,2011,9.84
Last Eclipse Part 2,9.8,1994,7.57
Last Guardian,8.1,1996,15.73
Last Guardian Part 1,8.1,2021,1.69
Last Guardian Part 2,6.4,2009,2.5
Last Horizon,7.0,2018,24.3
Last Horizon Part 1,6.1,2019,12.64
Last Hunter,9.2,2015,19.73
Last Hunter Part 1,7.0,2024,58.12
Last Kingdom,7.4,2017,3.08
Last Kingdom Part 1,4.5,2018,1.33
Last Midnight,8.8,2021,2.36
Last Midnight Part 1,7.6,2011,1.04
Last Mountain,4.5,2015,14.28
Last Mountain Part 1,4.7,1993,5.4
Last Mountain Part 2,8.0,1999,58.85
Last Mountain Part 3,8.2,1996,32.92
Last Ocean,8.6,1997,87.55
Last Paradise,6.9,2022,24.59
Last Paradise Part 1,8.0,2013,0.34
Last Phoenix,4.7,2020,6.67
Last Shadow,7.6,1996,1.47
Last Shadow Part 1,9.0,2001,14.38
Last Shadow Part 2,7.2,2010,6.73
Last Storm,4.1,2013,100.0
Last Storm Part 1,7.7,2006,19.78
Last Thunder,5.7,2010,2.42
Last Universe,4.6,2013,3.33
Last Universe Part 1,5.6,2011,38.14
Last Universe Part 2,6.4,2010,10.82
Last Valley,8.9,1995,8.81
Last Vengeance,7.2,2010,3.49
Last Warrior,8.9,2001,100.0
Last Warrior Part 1,6.0,2013,4.04
Legacy 2,7.8,2011,40.9
Legacy 3,9.1,2001,49.48
Legacy 5,5.6,2008,8.81
Legacy Code,8.5,2015,2.3
Legacy Code Part 1,9.3,2010,39.45
Legacy Code Part 2,8.8,2014,21.33
Legacy Effect,4.1,2001,5.32
Legacy Game,5.2,2021,3.85
Legacy Night,7.5,2020,40.05
Legacy Night Part 1,8.9,2019,8.65
Legacy Night Part 2,8.9,2016,3.34
Legacy Night Part 3,9.2,2016,100.0
Legacy Protocol,5.4,2018,30.47
Legacy Signal,8.1,2010,3.58
Legacy Signal Part 1,7.4,2004,1.1
Legacy Theory,9.1,2014,47.92
Legacy Theory Part 1,9.6,2024,84.32
Legacy Theory Part 2,5.8,2014,100.0
Legacy Theory Part 3,8.9,1998,9.64
Legend of Dawn Awakened,9.6,2009,3.83
Legend of Dawn Origins,7.5,2023,100.0
Legend of Dragon Found,7.8,2011,10.5
Legend of Empire United,8.8,2013,37.17
Legend of Horizon,5.1,2005,1.68
Legend of Horizon Lost,7.5,1999,100.0
Legend of Hunter Rises,6.5,2001,0.4
Legend of Kingdom Chronicles,7.6,1989,9.65
Legend of Midnight Chronicles,7.2,2015,7.07
Legend of Midnight Forever,7.6,2006,58.68
Legend of Mountain Chronicles,8.1,1999,76.31
Legend of Mountain Lost,8.8,2019,0.61
Legend of Ocean Eternal,4.6,2020,57.14
Legend of Ocean Lost,6.8,2015,32.37
Legend of Phoenix Forever,5.0,2009,1.9
Legend of Phoenix Legacy,7.0,2014,1.25
Legend of Redemption,8.2,2012,13.76
Legend of Redemption Divided,8.1,1989,36.56
Legend of Redemption Lost,8.6,1994,6.12
Legend of Shadow Returns,4.4,2014,44.93
Legend of Storm Awakened,6.8,2001,4.42
Legend of Thunder Awakened,5.1,2001,2.37
Legend of Thunder Divided,5.6,2004,100.0
Legend of Thunder Reborn,6.2,2008,20.95
Legend of Thunder Reborn Part 1,8.1,1995,1.04
Legend of Valley Forever,6.3,2016,100.0
Legend of Warrior Awakened,6.7,2024,34.62
Midnight 1,5.5,2023,30.06
Midnight 1 Part 1,8.7,1988,0.16
Midnight 1 Part 2,8.9,2024,16.18
Midnight 1 Part 3,8.4,1992,13.13
Midnight 1 Part 4,6.9,2024,43.76
Midnight 3,7.0,2009,52.86
Midnight 3 Part 1,9.1,2005,0.46
Midnight 4,5.2,2023,13.6
Midnight 4 Part 1,4.2,2018,55.26
Midnight 5,7.0,2004,7.46
Midnight Code,8.6,2020,100.0
Midnight Code Part 1,5.0,1997,7.51
Midnight Game,9.4,2015,8.74
Midnight Game Part 1,8.3,2017,0.53
Midnight Night,7.5,2016,8.95
Midnight Project,7.2,2002,37.77
Midnight Project Part 1,8.1,2019,1.66
Midnight Theory,9.4,2011,100.0
Mission City Rises,6.7,2021,2.03
Mission Dragon United,7.6,2021,63.82
Mission Horizon Chronicles,6.6,2014,5.24
Mission Horizon Rises,7.5,2006,19.0
Mission Hunter Found,7.7,2019,10.88
Mission Mountain Eternal,5.9,2018,100.0
Mission Paradise Lost,6.8,2015,2.35
Mission Phoenix Found,6.4,2004,63.96
Mission Shadow Forever,6.6,2009,27.53
Mission Shadow Reborn,7.1,2018,27.33
Mission Storm Chronicles,9.3,2018,22.09
Mission Storm Origins,8.8,2022,10.35
Mission Universe,9.8,2024,100.0
Mission Valley Reborn,6.4,2017,46.14
Mission Vengeance Awakened,4.4,2011,45.14
Mission Warrior Divided,8.0,1987,3.28
Mountain 1,7.7,2017,5.76
Mountain 2,9.5,1986,4.99
Mountain 2 Part 1,7.2,2009,0.85
Mountain 4,8.3,2000,11.43
Mountain 5,8.5,1990,1.08
Mountain Day,8.3,2012,2.31
Mountain Effect,7.4,2018,7.73
Mountain Effect Part 1,7.2,1998,6.33
Mountain Effect Part 2,8.9,2023,1.24
Mountain Effect Part 3,7.2,2024,3.07
Mountain Game,8.6,2004,100.0
Mountain Game Part 1,7.7,2018,2.93
Mountain Night,6.7,2017,40.42
Mountain Night Part 1,6.5,2008,7.55
Mountain Night Part 2,8.6,2021,11.13
Mountain Project,9.6,2017,40.02
Mountain Protocol,7.3,2022,32.57
Mountain Signal,8.1,2020,37.87
Mountain Signal Part 1,8.4,1989,19.92
Mountain Theory,4.5,2000,7.61
New City,8.9,2020,12.64
New Dawn,9.4,2023,5.04
New Dawn Part 1,5.0,2022,46.5
New Dawn Part 2,8.5,2004,34.57
New Dawn Part 3,7.3,2003,4.85
New Dragon,7.8,2013,100.0
New Eclipse,8.6,2022,3.5
New Eclipse Part 1,7.2,2015,2.78
New Empire,6.7,1999,4.93
New Hunter,8.0,2013,41.67
New Kingdom,6.0,2021,3.24
New Legacy,9.2,2008,51.06
New Midnight,6.4,2002,7.45
New Ocean,8.3,1998,20.05
New Ocean Part 1,8.5,1998,8.2
New Paradise,8.9,1998,9.1
New Paradise Part 1,9.7,2018,13.08
New Phoenix,8.5,1998,7.76
New Phoenix Part 1,9.7,2015,2.83
New Phoenix Part 2,8.2,2004,21.58
New Phoenix Part 3,9.0,2008,66.15
New Phoenix Part 4,6.3,2001,63.06
New Redemption,9.6,2000,13.67
New Shadow,7.0,2022,1.14
New Thunder,8.3,2007,23.16
New Thunder Part 1,7.7,2005,7.02
New Valley,9.5,2006,32.82
New Vengeance,8.0,2010,40.69
New Warrior,5.3,2004,50.76
New Warrior Part 1,9.1,2010,0.17
New Warrior Part 2,9.0,2015,2.16
New Warrior Part 3,8.6,2016,41.4
New Warrior Part 4,6.3,2021,6.56
Ocean 1,9.1,1998,6.97
Ocean 2,7.4,2019,4.29
Ocean 3,9.4,1993,20.24
Ocean 3 Part 1,9.6,2017,100.0
Ocean 3 Part 2,6.1,1999,5.36
Ocean 3 Part 3,8.5,2014,70.82
Ocean 4,9.8,2018,100.0
Ocean 4 Part 1,4.8,1995,29.27
Ocean 5,8.0,2022,11.06
Ocean 5 Part 1,8.1,2018,1.46
Ocean 5 Part 2,4.4,2019,5.09
Ocean Code,7.2,2015,7.67
Ocean Code Part 1,8.2,2010,100.0
Ocean Day,5.2,2023,4.03
Ocean Effect,9.4,1997,2.32
Ocean Effect Part 1,6.6,2024,11.1
Ocean Night,6.9,2018,30.27
Ocean Night Part 1,6.9,2016,64.55
Ocean Night Part 2,8.2,2024,7.67
Ocean Night Part 3,4.6,2003,33.32
Ocean Project,7.9,2012,37.12
Ocean Project Part 1,8.4,1997,8.45
Ocean Protocol,9.2,2014,33.31
Ocean Signal,8.4,2018,11.83
Ocean Signal Part 1,8.1,2017,4.92
Ocean Signal Part 2,6.5,2010,15.05
Ocean Signal Part 3,7.9,2024,44.42
Ocean Signal Part 4,8.5,2014,100.0
Ocean Signal Part 5,8.8,2007,59.58
Ocean Signal Part 6,6.9,1996,19.57
Ocean Theory,9.2,2022,25.9
Ocean Theory Part 1,8.2,2008,43.89
Operation City Awakened,8.1,2011,4.36
Operation Dawn Chronicles,7.3,2003,27.78
Operation Dawn Found,7.1,2023,14.82
Operation Destiny Awakened,8.7,1997,15.18
Operation Dragon Reborn,7.3,2009,100.0
Operation Eclipse Awakened,6.8,2006,12.12
Operation Eclipse Legacy,8.4,2014,100.0
Operation Guardian Found,8.3,2017,42.02
Operation Horizon Eternal,7.4,2001,100.0
Operation Legacy Forever,5.7,2001,19.81
Operation Phoenix Chronicles,6.3,2014,3.23
Operation Thunder Reborn,7.3,2008,43.74
Operation Warrior Divided,8.0,2014,23.81
Operation Warrior Reborn,7.9,2021,9.24
Operation Warrior Returns,8.3,2019,24.2
Paradise 1,6.9,2019,100.0
Paradise 2,6.3,2006,25.22
Paradise 2 Part 1,6.7,2015,54.28
Paradise 2 Part 2,7.5,2023,25.46
Paradise 2 Part 3,6.1,1986,2.03
Paradise 3,8.6,2010,9.71
Paradise 3 Part 1,7.8,2017,6.62
Paradise 4,8.8,2016,3.78
Paradise 5,4.8,2024,0.77
Paradise 5 Part 1,9.3,1991,1.96
Paradise Effect,7.6,2017,1.6
Paradise Effect Part 1,5.6,2020,9.16
Paradise Effect Part 2,9.1,2017,8.98
Paradise Project,6.8,2020,4.87
Paradise Project Part 1,4.7,2022,3.52
Paradise Protocol,6.2,2014,10.48
Paradise Signal,8.7,2021,70.01
Paradise Theory,8.6,1996,4.62
Paradise Theory Part 1,7.7,2006,18.06
Phoenix 1,5.8,2022,100.0
Phoenix 1 Part 1,8.5,2001,1.15
Phoenix 2,5.4,2023,7.36
Phoenix 2 Part 1,9.4,2007,11.19
Phoenix 2 Part 2,8.0,2020,14.19
Phoenix 2 Part 3,8.1,2011,11.88
Phoenix 3,8.6,2013,23.96
Phoenix 4,8.4,2022,18.74
Phoenix 4 Part 1,6.4,1993,3.58
Phoenix 4 Part 2,6.9,2006,16.77
Phoenix Day,9.2,2013,4.41
Phoenix Day Part 1,7.4,2006,89.42
Phoenix Project,8.7,2022,59.02
Phoenix Protocol,8.8,2003,65.92
Phoenix Protocol Part 1,7.7,2020,3.58
Phoenix Theory,8.9,2015,4.97
Phoenix Theory Part 1,9.9,2006,12.19
Redemption 1,4.2,2016,1.46
Redemption 2,7.9,2021,5.8
Redemption 2 Part 1,7.3,2020,23.43
Redemption 2 Part 2,9.2,2011,78.21
Redemption 2 Part 3,6.7,2003,11.78
Redemption 2 Part 4,7.2,2016,0.67
Redemption 3,6.5,2007,1.5
Redemption 4,5.5,2020,7.04
Redemption 4 Part 1,9.4,2021,2.15
Redemption 4 Part 2,8.2,1990,74.27
Redemption 5,7.8,2007,2.01
Redemption 5 Part 1,9.0,2016,15.3
Redemption 5 Part 2,8.8,2014,6.24
Redemption Code,5.1,2021,20.31
Redemption Day,8.6,2015,0.1
Redemption Day Part 1,6.4,2022,1.57
Redemption Effect,7.4,2019,14.19
Redemption Effect Part 1,8.9,2016,16.73
Redemption Game,6.8,2009,2.23
Redemption Game Part 1,6.2,2023,2.58
Redemption Night,4.7,1992,61.14
Redemption Night Part 1,7.9,1999,100.0
Redemption Project,9.2,2000,100.0
Redemption Protocol,8.0,2022,3.69
Redemption Signal,9.4,2017,100.0
Redemption Signal Part 1,8.9,2016,62.11
Redemption Theory,4.1,2007,8.67
Return to Dawn Chronicles,6.8,2009,26.65
Return to Dawn Origins,8.9,2020,97.16
Return to Destiny Awakened,7.5,2009,13.32
Return to Destiny Chronicles,7.3,2010,39.26
Return to Eclipse Legacy,8.5,2008,19.81
Return to Eclipse Lost,5.8,2011,3.67
Return to Empire,8.2,2021,8.57
Return to Empire United,7.2,1989,4.59
Return to Horizon Reborn,9.1,2012,58.76
Return to Hunter United,7.4,2009,30.3
Return to Legacy Legacy,8.4,2023,59.17
Return to Mountain Legacy,7.8,2004,0.99
Return to Ocean Awakened,6.2,2013,2.77
Return to Ocean Legacy,7.0,2024,9.61
Return to Ocean United,3.8,2003,71.46
Return to Paradise,9.4,2009,1.0
Return to Paradise Eternal,5.0,2022,60.21
Return to Phoenix Origins,4.6,2019,2.54
Return to Redemption Found,7.8,1989,12.64
Return to Shadow Origins,7.6,1999,99.9
Return to Shadow Reborn,7.4,2023,2.77
Return to Storm Origins,6.8,1991,12.24
Return to Storm Reborn,6.2,1996,100.0
Return to Thunder Legacy,9.6,2021,11.57
Return to Thunder Lost,7.5,2023,8.28
Return to Universe Origins,6.6,2014,5.61
Return to Valley Eternal,8.1,2004,62.88
Rise of City Chronicles,7.4,2020,1.75
Rise of City Forever,7.7,2021,5.94
Rise of Dawn Awakened,5.9,2011,0.55
Rise of Dawn Returns,8.0,2021,72.5
Rise of Destiny,6.4,2016,1.01
Rise of Destiny Chronicles,8.0,1999,15.01
Rise of Eclipse Forever,6.0,1989,4.42
Rise of Empire Divided,7.6,1994,1.19
Rise of Empire Lost,9.3,2013,100.0
Rise of Guardian Lost,9.1,2011,41.81
Rise of Horizon Origins,7.1,2018,1.6
Rise of Hunter Found,9.1,1993,12.12
Rise of Kingdom Chronicles,8.2,2022,5.33
Rise of Ocean Lost,7.3,2020,4.92
Rise of Paradise Eternal,7.0,2014,21.85
Rise of Paradise Lost,8.8,2019,17.06
Rise of Paradise Reborn,7.6,2021,18.82
Rise of Storm Lost,8.3,2016,5.87
Rise of Universe Found,6.1,2003,1.08
Rise of Warrior,9.6,1996,8.1
Rise of Warrior Awakened,8.3,2010,12.35
Rise of Warrior Chronicles,6.4,2022,17.51
Rise of Warrior United,8.6,2012,31.07
Secret of City Legacy,8.9,2009,6.18
Secret of Destiny Reborn,9.0,2016,16.8
Secret of Empire Rises,8.1,2009,8.76
Secret of Horizon Lost,5.6,2021,4.44
Secret of Hunter Lost,5.0,2020,7.77
Secret of Legacy Divided,8.4,2024,29.06
Secret of Midnight Forever,4.4,2013,100.0
Secret of Phoenix,9.4,2006,67.74
Secret of Phoenix United,5.9,2001,1.48
Secret of Shadow Reborn,6.5,1995,12.06
Secret of Storm,4.2,2004,13.31
Secret of Storm Found,8.7,2019,90.17
Secret of Thunder Found,4.1,2016,17.0
Secret of Thunder Origins,9.2,2008,4.88
Secret of Valley Forever,4.6,2003,9.13
Secret of Vengeance Eternal,6.1,2005,29.85
Secret of Warrior Awakened,2.9,2022,10.55
Shadow 2,9.1,2008,12.52
Shadow 2 Part 1,4.9,1988,11.97
Shadow 3,7.9,2004,21.99
Shadow 5,7.4,2016,36.52
Shadow Day,6.9,2001,10.11
Shadow Effect,7.8,1998,3.99
Shadow Effect Part 1,6.8,2009,28.87
Shadow Game,6.5,2022,28.24
Shadow Night,5.5,2011,0.33
Shadow Night Part 1,8.7,1999,17.56
Shadow Project,8.2,2024,2.65
Shadow Project Part 1,4.0,2014,0.63
Shadow Project Part 2,7.8,2021,5.94
Shadow Project Part 3,8.3,1996,33.2
Shadow Protocol,7.6,2011,2.33
Shadow Signal,8.5,2012,13.47
Shadow Signal Part 1,7.9,1996,13.01
Shadows of Dragon Awakened,4.7,2018,8.99
Shadows of Dragon Eternal,8.7,2003,11.65
Shadows of Dragon Rises,7.5,2003,26.91
Shadows of Empire Forever,8.6,2021,100.0
Shadows of Empire Origins,8.7,2018,32.02
Shadows of Guardian Rises,6.1,2023,3.05
Shadows of Horizon Chronicles,7.9,1991,7.2
Shadows of Horizon United,6.2,2004,8.68
Shadows of Legacy Divided,7.6,2022,13.01
Shadows of Midnight Eternal,7.7,2018,48.09
Shadows of Midnight Returns,7.4,2010,41.28
Shadows of Mountain Divided,8.0,2015,100.0
Shadows of Phoenix Origins,8.3,2009,36.98
Shadows of Redemption Lost,7.6,2005,53.13
Shadows of Shadow Awakened,8.6,2013,59.96
Shadows of Shadow Divided,9.4,2023,100.0
Shadows of Storm Lost,9.1,2024,22.78
Shadows of Storm Origins,7.2,2019,64.27
Shadows of Universe Found,6.6,2005,8.23
Shadows of Vengeance United,8.5,2019,3.68
Storm 1,8.9,2014,22.88
Storm 2,8.3,2004,1.19
Storm 2 Part 1,8.9,2024,0.15
Storm 3,5.5,2018,11.83
Storm 4,5.4,2019,71.8
Storm 4 Part 1,7.6,2013,4.68
Storm 5,4.2,1994,23.62
Storm 5 Part 1,8.9,2024,4.87
Storm 5 Part 2,9.5,2019,31.34
Storm 5 Part 3,5.3,2020,2.89
Storm Code,9.1,2024,0.44
Storm Code Part 1,8.9,2011,8.9
Storm Day,8.8,2011,17.42
Storm Day Part 1,7.4,2007,51.79
Storm Effect,7.7,2014,39.16
Storm Effect Part 1,8.6,2000,7.59
Storm Effect Part 2,8.7,2022,53.57
Storm Effect Part 3,8.9,2022,23.34
Storm Game,7.1,2023,25.44
Storm Project,5.6,2015,90.98
Storm Project Part 1,5.8,2003,34.7
Storm Protocol,9.0,2010,7.51
Storm Protocol Part 1,7.0,2018,8.74
Storm Protocol Part 2,8.0,2003,76.15
Storm Protocol Part 3,7.8,2001,2.03
Storm Signal,5.9,2012,26.38
Storm Signal Part 1,5.4,1994,0.92
The City Forever,6.6,2018,72.43
The Dawn Divided,9.0,2005,62.11
The Empire Eternal,7.4,2016,18.51
The Empire Reborn,7.4,1995,13.06
The Empire United,6.9,2007,1.39
The Guardian Chronicles,8.4,2023,3.85
The Horizon Forever,9.7,2015,36.88
The Midnight Eternal,7.0,2005,16.64
The Midnight Forever,7.7,2019,19.18
The Ocean Found,8.4,2000,3.12
The Paradise Rises,8.2,2011,83.97
The Shadow Eternal,6.0,2007,11.84
The Shadow Forever,9.1,2023,8.7
The Shadow Lost,9.2,2014,1.18
The Shadow Rises,6.5,2012,45.46
The Storm Forever,7.5,2005,11.94
The Universe Found,7.2,2001,7.35
The Valley Chronicles,4.9,2018,100.0
The Valley Divided,4.3,2011,3.65
Thunder 1,6.7,2024,11.24
Thunder 1 Part 1,8.0,2007,4.84
Thunder 2,8.3,2021,42.1
Thunder 2 Part 1,8.6,2009,7.44
Thunder 2 Part 2,8.8,2024,20.89
Thunder 3,7.9,2018,17.34
Thunder 5,9.4,2024,9.83
Thunder Day,4.7,2024,1.57
Thunder Day Part 1,7.5,2020,97.6
Thunder Effect,8.2,2001,16.68
Thunder Game,6.0,1999,54.23
Thunder Night,7.1,2008,32.61
Thunder Night Part 1,6.0,2014,28.2
Thunder Project,5.6,1996,8.57
Thunder Protocol,8.9,2016,4.34
Thunder Protocol Part 1,7.9,2021,5.87
Thunder Protocol Part 2,8.2,2012,1.17
Thunder Theory,8.2,2019,7.86
Thunder Theory Part 1,7.5,2009,3.56
Universe 1,6.8,2001,3.25
Universe 1 Part 1,8.5,2012,100.0
Universe 1 Part 2,5.2,2015,54.6
Universe 1 Part 3,8.3,2019,4.97
Universe 2,7.3,1997,5.17
Universe 2 Part 1,7.5,2017,3.96
Universe 3,4.2,2011,84.43
Universe 3 Part 1,9.1,2008,19.82
Universe 4,7.7,2022,26.01
Universe 4 Part 1,8.5,2009,22.98
Universe 5,4.3,2017,22.21
Universe 5 Part 1,8.7,2018,1.7
Universe 5 Part 2,9.5,2022,0.17
Universe Code,9.2,1996,100.0
Universe Code Part 1,6.9,2019,66.72
Universe Code Part 2,5.8,2022,48.74
Universe Effect,6.6,2019,6.4
Universe Game,7.5,2023,3.75
Universe Game Part 1,7.9,1997,2.91
Universe Project,9.0,2003,11.8
Universe Signal,9.2,1995,8.31
Universe Signal Part 1,8.8,2001,6.62
Universe Theory,5.5,2019,2.42
Valley 2,5.3,2010,0.89
Valley 2 Part 1,7.8,2023,89.03
Valley 2 Part 2,9.3,2024,3.95
Valley 3,8.1,2015,2.34
Valley 4,7.6,2017,12.96
Valley 4 Part 1,7.8,2007,47.02
Valley 4 Part 2,8.7,2020,54.73
Valley 5,6.5,2012,5.73
Valley 5 Part 1,6.8,2011,100.0
Valley Code,8.4,2011,2.7
Valley Day,8.9,2015,20.88
Valley Day Part 1,7.6,2006,17.47
Valley Day Part 2,4.3,2021,4.47
Valley Effect,6.8,2020,16.35
Valley Effect Part 1,9.4,1987,0.78
Valley Effect Part 2,7.6,2021,22.46
Valley Effect Part 3,8.2,2022,100.0
Valley Project,8.9,2022,6.59
Valley Project Part 1,8.2,2015,15.27
Valley Project Part 2,6.2,1988,68.98
Valley Signal,8.0,2018,20.04
Valley Theory,8.4,2013,51.24
Valley Theory Part 1,5.6,2020,0.68
Vengeance 1,8.1,2007,5.55
Vengeance 4,7.0,2016,2.52
Vengeance 5,5.5,2002,3.46
Vengeance 5 Part 1,8.2,2016,37.97
Vengeance Code,9.0,2009,15.11
Vengeance Day,9.3,2018,24.52
Vengeance Day Part 1,8.3,1999,33.75
Vengeance Effect,5.2,1999,34.65
Vengeance Effect Part 1,6.7,2016,3.33
Vengeance Effect Part 2,9.0,2021,100.0
Vengeance Effect Part 3,5.5,2006,100.0
Vengeance Game,5.2,1991,12.57
Vengeance Night,8.9,2009,7.08
Vengeance Night Part 1,8.1,2010,0.63
Vengeance Night Part 2,6.2,2011,1.02
Vengeance Night Part 3,8.0,2003,2.07
Vengeance Project,5.7,2017,4.16
Vengeance Project Part 1,5.2,1991,7.45
Vengeance Protocol,5.5,2017,4.6
Vengeance Protocol Part 1,6.4,2023,13.63
Vengeance Signal,7.9,2015,0.55
Vengeance Signal Part 1,5.2,2009,69.11
Vengeance Signal Part 2,9.6,2015,5.68
Vengeance Theory,8.5,2001,3.11
Vengeance Theory Part 1,6.9,2024,4.16
Vengeance Theory Part 2,9.0,2013,4.73
Vengeance Theory Part 3,6.3,2017,9.58
Warrior 1,9.8,2000,68.74
Warrior 1 Part 1,9.0,2020,3.48
Warrior 1 Part 2,5.0,1994,2.3
Warrior 2,7.5,2012,2.68
Warrior 2 Part 1,8.5,2018,4.57
Warrior 3,8.0,1992,13.85
Warrior 3 Part 1,6.3,2008,4.88
Warrior 4,9.6,2003,2.89
Warrior 5,7.8,2011,16.13
Warrior 5 Part 1,6.7,1998,1.87
Warrior Code,7.0,2011,32.46
Warrior Effect,6.5,2019,95.95
Warrior Effect Part 1,8.0,2013,10.1
Warrior Game,5.8,2024,0.25
Warrior Game Part 1,4.8,1996,54.34
Warrior Project,8.1,2005,4.6
Warrior Project Part 1,7.0,2016,100.0
Warrior Protocol,8.0,2018,3.05
Warrior Signal,9.6,2022,23.08
